<?xml version="1.0" encoding="UTF-8"?>
<!--
 [y] hybris Platform

 Copyright (c) 2000-2014 hybris AG
 All rights reserved.

 This software is the confidential and proprietary information of hybris

 ("Confidential Information"). You shall not disclose such Confidential
 Information and shall use it only in accordance with the terms of the
 license agreement you entered into with hybris.
-->

<beans xmlns="http://www.springframework.org/schema/beans"
	xmlns:xsi="http://www.w3.org/2001/XMLSchema-instance"
	xmlns:aop="http://www.springframework.org/schema/aop"
	xsi:schemaLocation="http://www.springframework.org/schema/beans
           http://www.springframework.org/schema/beans/spring-beans.xsd
           http://www.springframework.org/schema/aop
           http://www.springframework.org/schema/aop/spring-aop.xsd">
	
	<alias alias="mayureshReviewService" name="mayureshCustomerReviewService"/>
	<bean id="mayureshCustomerReviewService" class="de.hybris.platform.customerreview.impl.MayureshCustomerReviewService" parent="abstractBusinessService" scope="tenant">
		<property name="customerReviewDao" ref="customerReviewDao"/>
		<property name="cussWords" value="idiot stupid monkey"/>
		<property name="rangeMinValue" value="2"/>
		<property name="rangeMaxValue" value="4"/>
	</bean>	   

	<alias alias="customerReviewService" name="defaultCustomerReviewService"/>
	<bean id="defaultCustomerReviewService" class="de.hybris.platform.customerreview.impl.DefaultCustomerReviewService" parent="abstractBusinessService" scope="tenant">
		<property name="customerReviewDao" ref="customerReviewDao"/>
	</bean>

	<alias alias="customerReviewDao" name="defaultCustomerReviewDao"/>
	<bean id="defaultCustomerReviewDao" class="de.hybris.platform.customerreview.dao.impl.DefaultCustomerReviewDao" parent="abstractItemDao" scope="tenant"/>

	<!-- system setup bean -->
	<alias alias="customerReviewSystemSetup" name="defaultCustomerReviewSystemSetup"/>
	
	<bean id="defaultCustomerReviewSystemSetup" class="de.hybris.platform.customerreview.setup.CustomerReviewSystemSetup" scope="tenant">
		<property name="modelService" ref="modelService"/>
		<property name="typeService" ref="typeService"/>
		<property name="userService" ref="userService"/>
		<property name="searchRestrictionService" ref="searchRestrictionService"/>
		<property name="configurationService" ref="configurationService"/>
	</bean>
</beans>
